algorithm,room_level,room_width,room_height,room_seed,trial,steps,revisits,turns,coverage_percent,overlap_ratio,travel_distance_cm,cleaning_time_sec,reached_target
ZigZag,simple,20,20,42,0,358,20,42,90.1596,0.0558659,7160,238.667,true
ZigZag+WallFollow,simple,20,20,42,0,358,20,42,90.1596,0.0558659,7160,238.667,true
RandomWalk,simple,20,20,42,0,200000,199925,10526,20.2128,0.999625,4e+06,133333,false
ZigZag+RandomEscape,simple,20,20,42,0,358,20,42,90.1596,0.0558659,7160,238.667,true
RandomWalk,simple,20,20,42,1,200000,199925,10526,20.2128,0.999625,4e+06,133333,false
ZigZag+RandomEscape,simple,20,20,42,1,358,20,42,90.1596,0.0558659,7160,238.667,true
RandomWalk,simple,20,20,42,2,200000,199925,10526,20.2128,0.999625,4e+06,133333,false
ZigZag+RandomEscape,simple,20,20,42,2,358,20,42,90.1596,0.0558659,7160,238.667,true
RandomWalk,simple,20,20,42,3,200000,199925,10526,20.2128,0.999625,4e+06,133333,false
ZigZag+RandomEscape,simple,20,20,42,3,358,20,42,90.1596,0.0558659,7160,238.667,true
RandomWalk,simple,20,20,42,4,200000,199925,10526,20.2128,0.999625,4e+06,133333,false
ZigZag+RandomEscape,simple,20,20,42,4,358,20,42,90.1596,0.0558659,7160,238.667,true
ZigZag,moderate,20,20,43,0,200000,199698,29034,84.8739,0.99849,4e+06,133333,false
ZigZag+WallFollow,moderate,20,20,43,0,850,529,186,90.1961,0.622353,17000,566.667,true
RandomWalk,moderate,20,20,43,0,200000,199884,13451,32.7731,0.99942,4e+06,133333,false
ZigZag+RandomEscape,moderate,20,20,43,0,1275,954,453,90.1961,0.748235,25500,850,true
RandomWalk,moderate,20,20,43,1,200000,199884,13343,32.7731,0.99942,4e+06,133333,false
ZigZag+RandomEscape,moderate,20,20,43,1,916,595,288,90.1961,0.649563,18320,610.667,true
RandomWalk,moderate,20,20,43,2,200000,199884,13403,32.7731,0.99942,4e+06,133333,false
ZigZag+RandomEscape,moderate,20,20,43,2,875,554,260,90.1961,0.633143,17500,583.333,true
RandomWalk,moderate,20,20,43,3,200000,199884,13555,32.7731,0.99942,4e+06,133333,false
ZigZag+RandomEscape,moderate,20,20,43,3,1496,1175,680,90.1961,0.785428,29920,997.333,true
RandomWalk,moderate,20,20,43,4,200000,199884,13315,32.7731,0.99942,4e+06,133333,false
ZigZag+RandomEscape,moderate,20,20,43,4,1320,999,586,90.1961,0.756818,26400,880,true
ZigZag,complex,20,20,44,0,200000,199805,45162,61.0592,0.999025,4e+06,133333,false
ZigZag+WallFollow,complex,20,20,44,0,200000,199773,26293,71.028,0.998865,4e+06,133333,false
RandomWalk,complex,20,20,44,0,200000,199855,15353,45.4829,0.999275,4e+06,133333,false
ZigZag+RandomEscape,complex,20,20,44,0,1667,1379,916,90.0312,0.827235,33340,1111.33,true
RandomWalk,complex,20,20,44,1,200000,199855,15251,45.4829,0.999275,4e+06,133333,false
ZigZag+RandomEscape,complex,20,20,44,1,2962,2674,1735,90.0312,0.902768,59240,1974.67,true
RandomWalk,complex,20,20,44,2,200000,199855,15238,45.4829,0.999275,4e+06,133333,false
ZigZag+RandomEscape,complex,20,20,44,2,1733,1445,837,90.0312,0.833814,34660,1155.33,true
RandomWalk,complex,20,20,44,3,200000,199855,15328,45.4829,0.999275,4e+06,133333,false
ZigZag+RandomEscape,complex,20,20,44,3,8027,7739,5546,90.0312,0.964121,160540,5351.33,true
RandomWalk,complex,20,20,44,4,200000,199855,15445,45.4829,0.999275,4e+06,133333,false
ZigZag+RandomEscape,complex,20,20,44,4,984,696,355,90.0312,0.707317,19680,656,true
ZigZag,simple,40,40,45,0,200000,198673,14374,87.4259,0.993365,4e+06,133333,false
ZigZag+WallFollow,simple,40,40,45,0,200000,198659,5451,88.3476,0.993295,4e+06,133333,false
RandomWalk,simple,40,40,45,0,200000,199845,5128,10.2699,0.999225,4e+06,133333,false
ZigZag+RandomEscape,simple,40,40,45,0,3704,2337,794,90.0592,0.63094,74080,2469.33,true
RandomWalk,simple,40,40,45,1,200000,199845,5128,10.2699,0.999225,4e+06,133333,false
ZigZag+RandomEscape,simple,40,40,45,1,2741,1374,465,90.0592,0.501277,54820,1827.33,true
RandomWalk,simple,40,40,45,2,200000,199845,5128,10.2699,0.999225,4e+06,133333,false
ZigZag+RandomEscape,simple,40,40,45,2,2880,1513,554,90.0592,0.525347,57600,1920,true
RandomWalk,simple,40,40,45,3,200000,199845,5128,10.2699,0.999225,4e+06,133333,false
ZigZag+RandomEscape,simple,40,40,45,3,5997,4630,2707,90.0592,0.772053,119940,3998,true
RandomWalk,simple,40,40,45,4,200000,199845,5128,10.2699,0.999225,4e+06,133333,false
ZigZag+RandomEscape,simple,40,40,45,4,4307,2940,1123,90.0592,0.68261,86140,2871.33,true
ZigZag,moderate,40,40,46,0,200000,199514,17938,34.6866,0.99757,4e+06,133333,false
ZigZag+WallFollow,moderate,40,40,46,0,200000,199399,20098,42.8775,0.996995,4e+06,133333,false
RandomWalk,moderate,40,40,46,0,200000,199674,8005,23.2906,0.99837,4e+06,133333,false
ZigZag+RandomEscape,moderate,40,40,46,0,7851,6588,3178,90.0285,0.839129,157020,5234,true
RandomWalk,moderate,40,40,46,1,200000,199674,8111,23.2906,0.99837,4e+06,133333,false
ZigZag+RandomEscape,moderate,40,40,46,1,7882,6619,3356,90.0285,0.839761,157640,5254.67,true
RandomWalk,moderate,40,40,46,2,200000,199674,7954,23.2906,0.99837,4e+06,133333,false
ZigZag+RandomEscape,moderate,40,40,46,2,5447,4184,1642,90.0285,0.768129,108940,3631.33,true
RandomWalk,moderate,40,40,46,3,200000,199674,8197,23.2906,0.99837,4e+06,133333,false
ZigZag+RandomEscape,moderate,40,40,46,3,7879,6616,3158,90.0285,0.8397,157580,5252.67,true
RandomWalk,moderate,40,40,46,4,200000,199674,8343,23.2906,0.99837,4e+06,133333,false
ZigZag+RandomEscape,moderate,40,40,46,4,15342,14079,7730,90.0285,0.917677,306840,10228,true
ZigZag,complex,40,40,47,0,200000,199989,66666,0.932401,0.999945,4e+06,133333,false
ZigZag+WallFollow,complex,40,40,47,0,200000,199432,74636,44.2113,0.99716,4e+06,133333,false
RandomWalk,complex,40,40,47,0,200000,199566,8458,33.7995,0.99783,4e+06,133333,false
ZigZag+RandomEscape,complex,40,40,47,0,5113,3955,1673,90.0544,0.773518,102260,3408.67,true
RandomWalk,complex,40,40,47,1,200000,199632,8397,28.6713,0.99816,4e+06,133333,false
ZigZag+RandomEscape,complex,40,40,47,1,6828,5670,2668,90.0544,0.830404,136560,4552,true
RandomWalk,complex,40,40,47,2,200000,199559,8345,34.3434,0.997795,4e+06,133333,false
ZigZag+RandomEscape,complex,40,40,47,2,5689,4531,1667,90.0544,0.796449,113780,3792.67,true
RandomWalk,complex,40,40,47,3,200000,199511,8673,38.073,0.997555,4e+06,133333,false
ZigZag+RandomEscape,complex,40,40,47,3,11691,10533,5549,90.0544,0.900949,233820,7794,true
RandomWalk,complex,40,40,47,4,200000,199632,8516,28.6713,0.99816,4e+06,133333,false
ZigZag+RandomEscape,complex,40,40,47,4,4892,3734,1317,90.0544,0.763287,97840,3261.33,true
ZigZag,simple,60,60,48,0,200000,197530,12560,72.2515,0.98765,4e+06,133333,false
ZigZag+WallFollow,simple,60,60,48,0,200000,197489,3584,73.4503,0.987445,4e+06,133333,false
RandomWalk,simple,60,60,48,0,200000,199765,3389,6.90058,0.998825,4e+06,133333,false
ZigZag+RandomEscape,simple,60,60,48,0,10544,7467,2426,90,0.708175,210880,7029.33,true
RandomWalk,simple,60,60,48,1,200000,199765,3389,6.90058,0.998825,4e+06,133333,false
ZigZag+RandomEscape,simple,60,60,48,1,5412,2335,733,90,0.431449,108240,3608,true
RandomWalk,simple,60,60,48,2,200000,199765,3389,6.90058,0.998825,4e+06,133333,false
ZigZag+RandomEscape,simple,60,60,48,2,7732,4655,1567,90,0.602043,154640,5154.67,true
RandomWalk,simple,60,60,48,3,200000,199765,3389,6.90058,0.998825,4e+06,133333,false
ZigZag+RandomEscape,simple,60,60,48,3,6315,3238,606,90,0.512747,126300,4210,true
RandomWalk,simple,60,60,48,4,200000,199765,3389,6.90058,0.998825,4e+06,133333,false
ZigZag+RandomEscape,simple,60,60,48,4,6258,3181,914,90,0.508309,125160,4172,true
ZigZag,moderate,60,60,49,0,200000,199892,8162,3.43091,0.99946,4e+06,133333,false
ZigZag+WallFollow,moderate,60,60,49,0,200000,198777,137794,38.5269,0.993885,4e+06,133333,false
RandomWalk,moderate,60,60,49,0,200000,198799,5534,37.8344,0.993995,4e+06,133333,false
ZigZag+RandomEscape,moderate,60,60,49,0,19744,16885,6270,90.022,0.855197,394880,13162.7,true
RandomWalk,moderate,60,60,49,1,200000,198913,5370,34.2461,0.994565,4e+06,133333,false
ZigZag+RandomEscape,moderate,60,60,49,1,21216,18357,7933,90.022,0.865243,424320,14144,true
RandomWalk,moderate,60,60,49,2,200000,198871,5420,35.5681,0.994355,4e+06,133333,false
ZigZag+RandomEscape,moderate,60,60,49,2,15980,13121,3061,90.022,0.821089,319600,10653.3,true
RandomWalk,moderate,60,60,49,3,200000,198711,5457,40.6043,0.993555,4e+06,133333,false
ZigZag+RandomEscape,moderate,60,60,49,3,15356,12497,5169,90.022,0.813819,307120,10237.3,true
RandomWalk,moderate,60,60,49,4,200000,198814,5501,37.3623,0.99407,4e+06,133333,false
ZigZag+RandomEscape,moderate,60,60,49,4,22186,19327,9402,90.022,0.871135,443720,14790.7,true
ZigZag,complex,60,60,50,0,200000,199574,18332,14.5784,0.99787,4e+06,133333,false
ZigZag+WallFollow,complex,60,60,50,0,200000,199536,66483,15.8757,0.99768,4e+06,133333,false
RandomWalk,complex,60,60,50,0,200000,198332,9827,56.9819,0.99166,4e+06,133333,false
ZigZag+RandomEscape,complex,60,60,50,0,27941,25305,11502,90.0307,0.905658,558820,18627.3,true
RandomWalk,complex,60,60,50,1,200000,198302,9445,58.0061,0.99151,4e+06,133333,false
ZigZag+RandomEscape,complex,60,60,50,1,26584,23948,11302,90.0307,0.900843,531680,17722.7,true
RandomWalk,complex,60,60,50,2,200000,198357,9646,56.1284,0.991785,4e+06,133333,false
ZigZag+RandomEscape,complex,60,60,50,2,30354,27718,13209,90.0307,0.913158,607080,20236,true
RandomWalk,complex,60,60,50,3,200000,198297,9507,58.1769,0.991485,4e+06,133333,false
ZigZag+RandomEscape,complex,60,60,50,3,37754,35118,19038,90.0307,0.93018,755080,25169.3,true
RandomWalk,complex,60,60,50,4,200000,198356,9573,56.1625,0.99178,4e+06,133333,false
ZigZag+RandomEscape,complex,60,60,50,4,22364,19728,7161,90.0307,0.882132,447280,14909.3,true
